state,18_and_over_population_male_2008,18_and_over_population_female_2008,20_to_24_years_2008,25_to_34_years_2008,35_to_44_years_2008,45_to_54_years_2008,55_to_59_years_2008,60_to_64_years_2008,65_to_74_years_2008,75_to_84_years_2008,85_years_and_over_2008,median_age(years)_2008,year_2008,18_and_over_population_male_2012,18_and_over_population_female_2012,20_to_24_years_2012,25_to_34_years_2012,35_to_44_years_2012,45_to_54_years_2012,55_to_59_years_2012,60_to_64_years_2012,65_to_74_years_2012,75_to_84_years_2012,85_years_and_over_2012,median_age(years)_2012,year_2012,18_and_over_population_male_2016,18_and_over_population_female_2016,20_to_24_years_2016,25_to_34_years_2016,35_to_44_years_2016,45_to_54_years_2016,55_to_59_years_2016,60_to_64_years_2016,65_to_74_years_2016,75_to_84_years_2016,85_years_and_over_2016,median_age(years)_2016,year_2016,18_and_over_population_male_2020,18_and_over_population_female_2020,20_to_24_years_2020,25_to_34_years_2020,35_to_44_years_2020,45_to_54_years_2020,55_to_59_years_2020,60_to_64_years_2020,65_to_74_years_2020,75_to_84_years_2020,85_years_and_over_2020,median_age(years)_2020,year_2020,18_and_over_population_male_2022,18_and_over_population_female_2022,20_to_24_years_2022,25_to_34_years_2022,35_to_44_years_2022,45_to_54_years_2022,55_to_59_years_2022,60_to_64_years_2022,65_to_74_years_2022,75_to_84_years_2022,85_years_and_over_2022,median_age(years)_2022,year_2022
 Alabama,47.55714285714286,52.44285714285715,6.928571428571429,12.842857142857142,13.414285714285715,14.385714285714284,6.185714285714285,5.428571428571429,7.385714285714286,4.542857142857143,1.7857142857142856,37,2008,47.64285714285714,52.35714285714286,7.142857142857142,12.628571428571428,12.785714285714286,13.899999999999999,6.7285714285714295,5.985714285714285,8.399999999999999,4.485714285714286,1.6714285714285717,38,2012,47.58571428571429,52.41428571428571,6.699999999999999,12.942857142857141,12.285714285714286,13.271428571428572,7.014285714285714,6.214285714285714,9.557142857142857,4.771428571428571,1.7714285714285714,38,2016,0.007668571428571429,0.007915714285714285,0.0006914285714285714,0.12428571428571428,0.121,0.125,0.0006828571428571429,0.00067,0.10585714285714284,0.052285714285714296,0.0001785714285714286,39,2020,47.6,52.4,6.8,12.86,12.47,12.17,6.27,6.73,10.77,5.57,1.69,39,2022
 Alaska,52.300000000000004,47.7,8.4,14.400000000000002,14.000000000000002,15.299999999999999,6.800000000000001,4.3,4.5,2.1,0.5,33,2008,52.2,47.8,8.2,14.899999999999999,13.100000000000001,14.2,7.200000000000001,5.6,5.5,2.2,0.8,33,2012,52.5,47.5,7.7,16.4,12.5,12.6,7.3,5.6,7.000000000000001,2.3,0.9000000000000001,33,2016,0.0075699999999999995,0.00753,0.00067,0.153,0.135,0.116,0.00066,0.00064,0.089,0.032,9e-05,35,2020,53.2,46.8,7.1,15.5,14.3,11.2,5.9,5.9,9.4,3.7,0.8,35,2022
 Arizona,49.8625,50.1375,6.6375,14.374999999999998,13.425,13.1875,5.6125,4.8,6.775,4.65,1.675,35,2008,49.288888888888884,50.71111111111111,7.222222222222223,13.344444444444445,12.655555555555557,12.777777777777777,6.000000000000001,5.688888888888889,8.533333333333333,4.555555555555555,1.7333333333333332,37,2012,49.27777777777778,50.72222222222222,6.9,13.366666666666669,12.233333333333334,12.199999999999998,6.000000000000001,6.044444444444444,9.933333333333334,5.188888888888889,1.866666666666667,38,2016,0.007681111111111111,0.007821111111111112,0.0006711111111111111,0.13144444444444445,0.12066666666666667,0.11611111111111112,0.0006233333333333333,0.0006266666666666668,0.11044444444444446,0.05755555555555555,0.0001866666666666667,39,2020,49.64,50.36,7.11,13.86,12.58,11.61,5.66,6.2,10.63,6.42,1.78,39,2022
 Arkansas,48.15,51.849999999999994,6.625,12.775,13.175,13.900000000000002,5.875,5.7250000000000005,7.600000000000001,4.875,1.7750000000000001,37,2008,48.35,51.65,7.000000000000001,12.825000000000001,12.5,13.425,6.550000000000001,5.7749999999999995,8.600000000000001,4.65,1.725,37,2012,48.425,51.575,6.5,12.75,12.2,12.7,6.550000000000001,6.15,9.55,4.875,1.9000000000000004,38,2016,0.00758,0.007784999999999999,0.0006525,0.125,0.12275000000000001,0.1195,0.00067,0.0006425000000000001,0.10475000000000001,0.054,0.000185,39,2020,48.75,51.25,6.9,12.62,12.7,11.95,6.0,6.6,10.38,5.58,1.78,39,2022
 California,49.62264150943396,50.37735849056604,7.379245283018868,14.17735849056604,14.660377358490567,14.045283018867924,5.571698113207547,4.4490566037735855,5.79433962264151,3.79811320754717,1.5943396226415096,34,2008,49.28490566037736,50.715094339622645,7.673584905660377,14.39245283018868,13.60754716981132,13.745283018867923,6.133962264150943,5.184905660377359,6.679245283018869,3.711320754716981,1.711320754716981,35,2012,49.24528301886792,50.75471698113208,7.154716981132076,15.024528301886791,13.154716981132076,13.243396226415094,6.330188679245283,5.624528301886792,7.888679245283019,3.9301886792452834,1.8301886792452833,36,2016,0.007724150943396226,0.007871698113207547,0.0006920754716981132,0.14754716981132077,0.13466037735849057,0.12590566037735848,0.0006373584905660377,0.0005943396226415095,0.08967924528301888,0.04413207547169812,0.00018339622641509433,37,2020,49.39,50.61,6.75,14.74,13.83,12.51,6.04,5.98,9.14,4.82,1.83,37,2022
 Colorado,50.18571428571429,49.81428571428572,6.828571428571428,15.0,14.657142857142858,14.957142857142856,6.157142857142857,4.8999999999999995,5.671428571428572,3.314285714285715,1.4285714285714286,35,2008,49.871428571428574,50.12857142857142,7.0285714285714285,14.557142857142855,13.642857142857142,13.999999999999998,6.799999999999999,5.6000000000000005,6.914285714285715,3.4571428571428573,1.4142857142857144,36,2012,50.02857142857143,49.971428571428575,7.0285714285714285,15.071428571428571,13.428571428571429,13.0,6.714285714285714,5.928571428571428,8.342857142857142,3.6714285714285713,1.4714285714285713,36,2016,0.007770000000000001,0.007857142857142856,0.0006614285714285715,0.1542857142857143,0.13814285714285718,0.12114285714285714,0.0006242857142857143,0.0006114285714285715,0.09442857142857143,0.04157142857142858,0.00015142857142857143,37,2020,50.54,49.46,6.78,15.71,14.72,12.06,5.61,6.16,9.61,4.58,1.45,37,2022
 Connecticut,48.06,51.94,6.36,11.52,14.679999999999998,16.0,6.22,5.4,6.78,4.5600000000000005,2.2800000000000002,39,2008,48.040000000000006,51.959999999999994,6.4399999999999995,12.04,12.740000000000002,15.78,7.1000000000000005,5.92,7.84,4.5600000000000005,2.3800000000000003,40,2012,48.16,51.839999999999996,6.98,12.2,11.879999999999999,14.679999999999998,7.42,6.72,9.06,4.58,2.5,40,2016,0.007852,0.008060000000000001,0.000652,0.126,0.1212,0.13060000000000002,0.0007480000000000001,0.000708,0.1026,0.05260000000000001,0.000244,41,2020,48.16,51.84,6.7,12.42,12.72,12.56,7.08,7.12,10.54,5.5,2.22,40,2022
 Delaware,47.7,52.300000000000004,6.7,12.4,14.000000000000002,14.6,6.0,5.8,7.400000000000001,4.8,1.7000000000000002,38,2008,47.7,52.300000000000004,7.200000000000001,12.4,12.2,14.6,6.9,5.9,8.8,4.7,1.9,39,2012,47.7,52.300000000000004,6.2,13.5,11.6,13.200000000000001,7.3,6.5,10.5,5.1,1.9,40,2016,0.0078,0.008020000000000001,0.00066,0.124,0.117,0.11899999999999998,0.0007099999999999999,0.0007099999999999999,0.11900000000000001,0.05800000000000001,0.00019999999999999998,41,2020,47.7,52.3,5.9,12.8,12.3,11.1,6.4,7.7,12.5,6.5,1.9,41,2022
 District of Columbia,46.4,53.6,8.6,18.3,14.400000000000002,12.9,5.7,5.0,6.2,3.8,1.9,34,2008,46.7,53.29999999999999,9.4,22.0,13.5,12.0,5.5,5.2,6.3,3.6000000000000005,1.5,33,2012,46.9,53.1,8.6,22.7,14.499999999999998,11.4,5.2,5.1,6.800000000000001,3.3000000000000003,1.5,33,2016,0.008199999999999999,0.00847,0.0009300000000000003,0.23599999999999996,0.15200000000000002,0.1,0.0005099999999999999,0.00047999999999999996,0.074,0.036000000000000004,0.00015,33,2020,46.5,53.5,7.2,21.6,16.6,10.7,4.6,4.9,7.5,4.1,1.4,34,2022
 Florida,48.488,51.512,6.288,12.312000000000001,13.66,14.344000000000001,6.116,5.588,8.34,6.396,2.48,40,2008,48.32222222222222,51.67777777777778,6.82962962962963,12.314814814814817,12.466666666666667,14.17037037037037,6.622222222222223,6.144444444444445,9.862962962962964,5.818518518518518,2.5333333333333337,41,2012,48.300000000000004,51.7,6.155555555555555,12.907407407407407,11.955555555555557,13.385185185185186,6.888888888888889,6.355555555555556,11.044444444444446,6.151851851851852,2.6444444444444444,42,2016,0.007953703703703704,0.008148888888888888,0.0005974074074074074,0.12259259259259259,0.12029629629629629,0.12566666666666668,0.0007144444444444444,0.0006896296296296296,0.12003703703703705,0.06692592592592592,0.0002496296296296296,43,2020,48.38,51.62,6.03,12.54,12.6,12.3,6.62,6.83,11.67,7.33,2.49,43,2022
 Georgia,48.46923076923077,51.530769230769224,6.861538461538462,13.93076923076923,15.153846153846157,14.192307692307693,5.753846153846154,4.661538461538461,5.846153846153846,3.184615384615385,1.2153846153846155,34,2008,48.135714285714286,51.86428571428572,7.214285714285714,13.607142857142856,14.035714285714288,13.992857142857144,6.171428571428572,5.264285714285714,6.8999999999999995,3.4000000000000004,1.2,35,2012,47.900000000000006,52.1,6.8999999999999995,13.607142857142856,13.407142857142857,13.57857142857143,6.378571428571429,5.607142857142857,8.257142857142856,3.6999999999999997,1.2857142857142856,36,2016,0.007552857142857142,0.00779,0.0006978571428571429,0.13542857142857143,0.12957142857142856,0.12992857142857145,0.0006585714285714286,0.0005964285714285714,0.0915,0.04292857142857143,0.00013857142857142857,37,2020,47.79,52.21,7.08,13.61,13.46,12.82,6.23,5.99,9.14,4.59,1.32,37,2022
 Hawaii,49.95,50.05,7.5,13.4,13.850000000000001,13.950000000000001,6.5,5.4,6.950000000000001,5.55,2.1999999999999997,38,2008,50.150000000000006,49.85000000000001,7.449999999999999,14.35,12.55,13.350000000000001,6.65,6.4,8.049999999999999,4.4,2.65,38,2012,49.9,50.1,6.9,14.400000000000002,12.55,12.4,6.4,6.5,9.75,4.65,2.7,38,2016,0.007885000000000001,0.007995,0.0006399999999999999,0.131,0.1265,0.1225,0.00066,0.00068,0.11399999999999999,0.054,0.00026000000000000003,40,2020,50.7,49.3,6.2,13.2,13.35,11.8,5.95,6.35,11.3,6.55,2.6,40,2022
 Idaho,49.85,50.150000000000006,6.8500000000000005,13.700000000000001,12.6,13.700000000000001,6.1,4.8500000000000005,6.3,3.95,1.6,34,2008,49.65,50.35000000000001,7.050000000000001,13.15,12.3,12.7,6.1,5.949999999999999,7.700000000000001,3.8500000000000005,1.6500000000000001,35,2012,49.45,50.550000000000004,6.65,13.15,12.2,11.75,6.2,6.0,9.2,4.3,1.7000000000000002,36,2016,0.00742,0.0075450000000000005,0.0007,0.12599999999999997,0.125,0.11050000000000001,0.000595,0.000605,0.10149999999999998,0.0495,0.000165,36,2020,49.85,50.15,7.3,12.9,13.2,11.3,5.6,6.0,10.3,5.1,1.6,37,2022
 Illinois,48.61052631578948,51.389473684210515,7.13157894736842,13.63157894736842,14.078947368421051,14.536842105263158,5.963157894736843,4.657894736842105,6.326315789473684,4.178947368421053,1.7789473684210528,36,2008,48.449999999999996,51.55,6.933333333333333,13.833333333333334,13.194444444444445,14.172222222222222,6.533333333333334,5.56111111111111,7.205555555555557,4.0777777777777775,1.9000000000000004,37,2012,48.577777777777776,51.422222222222224,6.838888888888889,13.772222222222222,12.922222222222224,13.38888888888889,6.727777777777779,6.222222222222222,8.38888888888889,4.2444444444444445,2.022222222222222,38,2016,0.007709444444444444,0.00789,0.0006572222222222222,0.1356111111111111,0.1297777777777778,0.12588888888888888,0.0006738888888888889,0.0006483333333333333,0.09616666666666666,0.04783333333333333,0.00019833333333333335,39,2020,48.71,51.29,6.76,13.43,13.3,12.36,6.34,6.43,10.04,5.22,1.95,39,2022
 Indiana,48.54444444444444,51.455555555555556,6.722222222222222,13.144444444444444,13.600000000000001,14.833333333333332,6.111111111111112,5.033333333333333,6.655555555555555,4.4,1.7222222222222223,36,2008,48.54444444444444,51.455555555555556,7.300000000000001,12.711111111111109,12.577777777777776,14.11111111111111,6.677777777777777,5.733333333333333,7.555555555555555,4.266666666666667,1.8000000000000003,37,2012,48.6,51.4,7.144444444444445,12.922222222222224,12.244444444444442,13.011111111111113,6.800000000000001,6.2444444444444445,8.733333333333333,4.388888888888889,1.866666666666667,37,2016,0.007563333333333333,0.007743333333333334,0.0006755555555555555,0.12755555555555556,0.12333333333333332,0.12122222222222222,0.0006644444444444445,0.0006477777777777778,0.09866666666666667,0.04811111111111112,0.00018777777777777779,38,2020,48.93,51.07,7.18,12.99,12.68,11.94,6.07,6.51,10.09,5.13,1.73,38,2022
 Iowa,48.8,51.2,7.380000000000001,12.1,12.740000000000002,14.78,6.420000000000001,5.08,7.139999999999999,5.28,2.4,38,2008,49.050000000000004,50.95,7.3,12.675,11.7,13.825000000000001,6.7250000000000005,6.05,7.825,5.05,2.4,38,2012,49.15,50.849999999999994,7.125000000000001,12.6,11.799999999999999,12.5,6.825,6.550000000000001,8.975,4.9,2.5250000000000004,38,2016,0.007617499999999999,0.00775,0.0006825,0.124,0.12125,0.11275,0.0006575000000000001,0.0006625,0.10350000000000001,0.05325,0.0002425,38,2020,49.8,50.2,7.25,12.55,12.68,11.3,5.92,6.68,10.67,5.62,2.15,38,2022
 Kansas,49.125,50.875,7.400000000000001,12.950000000000001,12.825000000000001,14.75,6.05,4.8,6.5,4.575,2.0999999999999996,36,2008,49.324999999999996,50.675000000000004,7.300000000000001,13.25,11.95,13.5,6.65,5.5,7.200000000000001,4.375,2.1,36,2012,49.324999999999996,50.675000000000004,7.375,12.950000000000001,12.125,12.049999999999999,6.7250000000000005,6.125,8.5,4.425000000000001,2.1750000000000003,36,2016,0.0075225,0.0076575,0.0006975,0.12775,0.12425000000000001,0.11199999999999999,0.0006425000000000001,0.0006425000000000001,0.0985,0.04825,0.0002075,37,2020,49.83,50.18,7.45,12.83,13.0,11.03,5.83,6.28,10.1,5.12,2.0,37,2022
 Kentucky,48.199999999999996,51.800000000000004,6.333333333333334,13.350000000000001,14.116666666666667,14.799999999999999,6.383333333333334,5.433333333333334,7.216666666666667,4.366666666666666,1.6333333333333335,37,2008,48.56666666666666,51.433333333333344,7.000000000000001,12.833333333333332,12.950000000000001,14.333333333333334,6.8500000000000005,6.016666666666667,8.1,4.266666666666667,1.6333333333333335,38,2012,48.516666666666666,51.483333333333334,6.716666666666667,12.716666666666669,12.533333333333333,13.466666666666669,6.883333333333335,6.4,9.3,4.516666666666667,1.7166666666666668,38,2016,0.00764,0.007824999999999999,0.0006466666666666666,0.12616666666666668,0.1245,0.1255,0.0006883333333333333,0.0006633333333333333,0.10433333333333333,0.0495,0.00017166666666666665,39,2020,48.92,51.08,6.68,13.02,12.63,12.35,6.22,6.8,10.6,5.22,1.72,39,2022
 Louisiana,47.51428571428571,52.48571428571428,7.6,13.071428571428573,13.071428571428573,14.64285714285714,5.928571428571428,5.214285714285714,6.614285714285714,4.014285714285714,1.542857142857143,35,2008,48.21666666666666,51.78333333333334,7.433333333333334,13.999999999999998,12.283333333333333,13.749999999999998,6.633333333333334,5.666666666666666,7.449999999999999,4.016666666666667,1.55,36,2012,48.25,51.74999999999999,6.866666666666667,14.316666666666666,12.433333333333334,12.516666666666667,6.7,6.066666666666666,8.65,4.133333333333333,1.6333333333333335,36,2016,0.007548333333333333,0.007775000000000001,0.0006516666666666667,0.13133333333333333,0.1285,0.11683333333333333,0.0006666666666666668,0.0006566666666666667,0.10033333333333333,0.04683333333333334,0.00016833333333333332,38,2020,48.08,51.92,6.87,12.92,13.35,11.62,5.72,6.9,10.3,5.17,1.53,38,2022
 Maine,48.1,51.9,5.8999999999999995,11.25,13.850000000000001,16.75,7.300000000000001,6.2,7.7,5.3500000000000005,2.1,41,2008,48.3,51.7,6.0,11.1,12.2,15.8,8.149999999999999,7.050000000000001,9.4,5.3500000000000005,2.1999999999999997,43,2012,48.4,51.6,5.6000000000000005,11.85,11.4,14.399999999999999,8.249999999999998,7.5,11.399999999999999,5.250000000000001,2.6,44,2016,0.00806,0.00823,0.000545,0.117,0.116,0.126,0.0007749999999999999,0.000795,0.131,0.063,0.00024500000000000005,45,2020,49.0,51.0,5.75,11.95,12.3,12.25,7.35,8.0,13.4,6.8,2.4,45,2022
 Maryland,47.5,52.5,6.775,12.7875,14.7,15.562500000000002,6.3375,5.0125,6.45,3.95,1.6500000000000001,37,2008,47.675,52.325,6.925000000000001,13.625000000000002,13.1875,15.2125,6.6375,5.9125000000000005,7.3,3.85,1.8125000000000002,38,2012,47.712500000000006,52.287499999999994,6.5625,13.825,12.712500000000002,14.2125,7.012500000000001,6.175,8.625,4.1125,1.8375000000000004,38,2016,0.0076637499999999996,0.0079225,0.0006425000000000001,0.13587500000000002,0.130375,0.127375,0.0007075,0.0006475,0.095375,0.04625,0.00018374999999999997,38,2020,47.75,52.25,6.17,13.09,13.61,12.54,6.62,6.76,9.86,5.16,1.89,39,2022
 Massachusetts,47.77,52.23,7.16,12.659999999999998,14.689999999999998,15.43,6.25,5.26,6.64,4.6,2.1200000000000006,38,2008,47.74444444444444,52.25555555555555,7.122222222222223,13.344444444444445,12.888888888888891,15.1,6.866666666666667,5.9,7.666666666666668,4.388888888888889,2.4,39,2012,47.88888888888889,52.11111111111112,7.2666666666666675,13.922222222222224,12.122222222222222,14.11111111111111,7.0777777777777775,6.388888888888888,9.01111111111111,4.511111111111112,2.255555555555556,39,2016,0.007944444444444445,0.00815888888888889,0.00073,0.14166666666666666,0.12244444444444444,0.12666666666666668,0.0007155555555555555,0.0006711111111111111,0.10266666666666666,0.050666666666666665,0.00022444444444444446,40,2020,48.17,51.83,7.04,13.91,13.01,12.28,6.79,6.86,10.47,5.46,2.1,40,2022
 Michigan,48.45333333333333,51.54666666666666,6.646666666666666,12.286666666666667,13.86,15.393333333333334,6.5600000000000005,5.140000000000001,6.786666666666667,4.44,1.7933333333333337,38,2008,48.42857142857143,51.57142857142857,7.164285714285714,11.864285714285714,12.392857142857142,14.735714285714288,7.207142857142858,6.178571428571429,8.042857142857143,4.514285714285714,2.0500000000000003,39,2012,48.614285714285714,51.38571428571429,7.1,12.585714285714285,11.65,13.585714285714287,7.35,6.714285714285714,9.471428571428572,4.621428571428572,2.121428571428572,39,2016,0.007772142857142858,0.007932142857142856,0.0006671428571428573,0.1295,0.11728571428571428,0.12414285714285715,0.0007042857142857143,0.0007035714285714285,0.10692857142857143,0.05207142857142857,0.00020642857142857144,40,2020,49.08,50.92,6.85,13.13,12.15,11.98,6.46,7.13,11.19,5.51,2.02,40,2022
 Minnesota,49.3,50.7,6.987500000000001,13.1875,13.774999999999999,15.562500000000002,6.225,4.9,6.4125000000000005,4.2250000000000005,2.0125,37,2008,49.2,50.8,6.575,13.6875,12.4625,14.637500000000001,6.812500000000001,5.7625,7.300000000000001,4.2125,2.0875,37,2012,49.325,50.675000000000004,6.6000000000000005,13.4375,12.3125,13.1625,7.137499999999999,6.3375,8.5625,4.3500000000000005,2.2375000000000003,38,2016,0.00762375,0.0077575000000000005,0.00062625,0.132125,0.13,0.11725,0.00068125,0.00066125,0.098,0.048875,0.000205,38,2020,49.91,50.09,6.36,13.01,13.69,11.45,6.1,6.9,10.18,5.16,2.04,39,2022
 Mississippi,47.449999999999996,52.55,7.199999999999999,12.775,13.275,13.8,6.0,4.95,6.800000000000001,4.175,1.575,35,2008,47.5,52.5,7.475,12.575,12.55,13.3,6.45,5.699999999999999,7.775,4.124999999999999,1.625,36,2012,47.475,52.525,7.074999999999999,12.675,12.525,12.55,6.525,6.15,9.049999999999999,4.2749999999999995,1.725,37,2016,0.0075675,0.00781,0.00067,0.1215,0.1225,0.1215,0.000675,0.0006625,0.1045,0.0505,0.0001775,39,2020,47.65,52.35,7.1,11.95,12.93,12.0,5.67,6.78,10.55,5.22,1.65,38,2022
 Missouri,48.02222222222222,51.97777777777778,6.877777777777777,12.955555555555554,13.31111111111111,14.944444444444443,6.3,5.155555555555556,7.011111111111111,4.644444444444444,1.9000000000000004,37,2008,48.2875,51.712500000000006,7.025,13.125,12.1625,14.1875,6.800000000000001,5.85,8.1125,4.6125,1.95,38,2012,48.475,51.525,6.675000000000001,13.15,12.1,13.0,7.112500000000001,6.25,9.2375,4.75,2.0625,38,2016,0.007664999999999999,0.0078525,0.0006675,0.131,0.122875,0.11712499999999999,0.0006875000000000001,0.0006725000000000001,0.102875,0.052125000000000005,0.00019999999999999998,39,2020,48.75,51.25,6.65,13.11,12.86,11.56,6.08,6.95,10.54,5.54,1.93,39,2022
 Montana,49.7,50.3,7.000000000000001,12.1,12.2,15.6,7.400000000000001,5.7,7.3,4.8,1.9,39,2008,49.8,50.2,7.1,12.3,11.4,14.099999999999998,7.8,6.9,8.9,4.7,2.1,40,2012,50.0,50.0,7.1,12.2,11.5,12.3,7.5,7.3,10.5,5.0,2.1,40,2016,0.0078,0.007890000000000001,0.00062,0.127,0.122,0.11,0.00067,0.00073,0.121,0.05700000000000001,0.00019999999999999998,40,2020,50.45,49.55,6.65,13.0,13.05,11.0,5.8,7.0,12.35,6.0,1.85,40,2022
 Nebraska,48.96666666666666,51.03333333333334,7.3,12.966666666666665,12.666666666666668,14.466666666666663,6.133333333333333,4.833333333333334,6.599999999999999,4.766666666666667,2.2,36,2008,49.13333333333333,50.866666666666674,7.1000000000000005,13.433333333333334,12.0,13.5,6.566666666666666,5.7333333333333325,7.133333333333333,4.533333333333333,2.1333333333333333,36,2012,49.43333333333334,50.56666666666666,7.1000000000000005,13.3,12.2,11.966666666666665,6.466666666666667,6.233333333333333,8.366666666666667,4.500000000000001,2.2,36,2016,0.007456666666666667,0.007603333333333333,0.0006633333333333333,0.13066666666666668,0.126,0.11,0.0006333333333333333,0.00063,0.09666666666666665,0.04733333333333334,0.00021333333333333333,37,2020,49.7,50.3,6.87,12.73,13.43,10.93,5.4,6.53,10.0,5.13,1.93,37,2022
 Nevada,50.76666666666667,49.23333333333333,6.133333333333333,14.433333333333334,14.799999999999999,13.833333333333334,5.8999999999999995,5.299999999999999,6.533333333333334,3.6999999999999997,1.1333333333333333,35,2008,50.175000000000004,49.825,6.8500000000000005,14.274999999999999,13.774999999999999,13.625000000000002,6.425,5.55,8.0,3.7500000000000004,1.225,36,2012,49.825,50.175000000000004,6.325,14.424999999999999,13.25,13.325000000000001,6.375,5.9750000000000005,9.375,4.3,1.35,37,2016,0.007714999999999999,0.007825,0.0006275,0.14075000000000001,0.13274999999999998,0.1265,0.0006475,0.0006150000000000001,0.10124999999999999,0.048,0.0001375,38,2020,50.05,49.95,6.12,14.37,13.87,12.55,6.25,6.05,10.22,5.38,1.35,38,2022
 New Hampshire,48.65,51.35000000000001,6.3,11.3,14.799999999999999,17.0,6.75,5.85,6.75,4.4,1.7500000000000002,40,2008,48.699999999999996,51.300000000000004,6.4,11.200000000000001,12.8,16.65,7.75,6.6000000000000005,8.3,4.5,1.95,41,2012,49.25,50.75000000000001,6.65,12.049999999999999,11.4,15.15,8.3,7.15,10.15,4.6,2.25,42,2016,0.00807,0.008199999999999999,0.00063,0.124,0.1155,0.1315,0.000815,0.00079,0.11800000000000001,0.054500000000000014,0.000205,43,2020,49.7,50.3,5.95,13.05,12.35,12.3,7.45,8.1,12.2,5.9,2.1,43,2022
 New Jersey,48.24615384615385,51.75384615384616,6.230769230769232,12.238461538461538,15.2,15.646153846153846,6.0307692307692315,5.207692307692309,6.738461538461539,4.553846153846154,1.9076923076923078,38,2008,48.06666666666666,51.93333333333333,6.3,12.725,13.508333333333333,15.433333333333332,6.6833333333333345,5.783333333333334,7.583333333333334,4.425000000000001,2.075,39,2012,48.199999999999996,51.800000000000004,6.366666666666666,12.9,12.841666666666669,14.475000000000001,7.191666666666667,6.2,8.758333333333333,4.383333333333334,2.216666666666667,39,2016,0.0077308333333333335,0.007944166666666665,0.0006275,0.13091666666666668,0.12866666666666665,0.13225,0.0007183333333333334,0.0006641666666666666,0.09575,0.04875,0.00021166666666666667,40,2020,48.38,51.62,6.16,12.81,13.34,12.91,6.76,6.82,9.98,5.42,1.99,40,2022
 New Mexico,48.63333333333333,51.36666666666666,7.133333333333335,13.133333333333333,12.866666666666667,13.900000000000002,6.2,5.066666666666666,7.1000000000000005,4.466666666666667,1.6666666666666667,36,2008,49.06666666666666,50.93333333333333,6.9,13.200000000000001,11.899999999999999,13.266666666666667,6.6000000000000005,6.133333333333333,8.1,4.300000000000001,1.7333333333333336,36,2012,49.03333333333333,50.96666666666666,6.766666666666667,13.266666666666667,12.0,12.033333333333333,6.733333333333334,6.433333333333334,9.733333333333333,4.833333333333334,1.866666666666667,37,2016,0.007663333333333333,0.007813333333333334,0.00064,0.12966666666666668,0.12133333333333333,0.11300000000000002,0.0006666666666666668,0.0006766666666666667,0.11266666666666666,0.053000000000000005,0.00018666666666666666,39,2020,49.33,50.67,6.9,12.97,13.03,11.27,5.87,6.47,11.47,5.93,1.77,39,2022
 New York,47.741379310344826,52.258620689655174,7.193103448275862,12.975862068965515,14.379310344827587,14.979310344827587,6.172413793103448,5.179310344827586,6.83448275862069,4.5793103448275865,1.9689655172413796,38,2008,47.74074074074075,52.25925925925926,7.348148148148148,14.066666666666666,12.948148148148148,14.533333333333335,6.596296296296297,5.766666666666667,7.592592592592593,4.388888888888889,2.1333333333333337,38,2012,47.86666666666666,52.13333333333333,7.011111111111111,14.57037037037037,12.448148148148148,13.737037037037037,6.811111111111111,6.207407407407407,8.718518518518518,4.444444444444445,2.240740740740741,38,2016,0.007844814814814815,0.00807111111111111,0.0006881481481481481,0.14529629629629628,0.1264074074074074,0.12477777777777778,0.0006907407407407408,0.000652962962962963,0.098,0.04940740740740741,0.00021814814814814817,39,2020,47.92,52.08,6.6,14.13,12.92,12.22,6.62,6.66,10.3,5.56,2.21,40,2022
 North Carolina,48.14615384615385,51.85384615384616,6.730769230769231,13.238461538461538,14.499999999999998,14.338461538461539,6.2153846153846155,5.307692307692307,6.7846153846153845,4.1923076923076925,1.4615384615384615,37,2008,47.99230769230769,52.00769230769231,7.061538461538462,12.815384615384618,13.646153846153847,13.976923076923075,6.5076923076923086,5.776923076923077,8.046153846153846,4.161538461538462,1.6,38,2012,47.86153846153846,52.13846153846154,6.738461538461539,12.953846153846154,12.8,13.661538461538461,6.66923076923077,6.184615384615385,9.384615384615385,4.546153846153846,1.646153846153846,39,2016,0.007706153846153846,0.007923846153846153,0.0006715384615384616,0.1296923076923077,0.12407692307692308,0.12823076923076923,0.0006723076923076923,0.0006415384615384615,0.10446153846153847,0.05115384615384616,0.00017692307692307693,39,2020,48.06,51.94,6.91,13.26,12.85,12.56,6.21,6.54,10.43,5.41,1.63,39,2022
 North Dakota,49.8,50.2,9.2,13.200000000000001,11.4,14.7,6.5,4.8,6.7,5.3,2.6,37,2008,50.9,49.1,9.0,14.099999999999998,11.1,13.200000000000001,6.6000000000000005,6.0,7.200000000000001,4.9,2.3,36,2012,51.300000000000004,48.7,8.5,15.299999999999999,11.4,11.5,6.7,5.9,7.8,4.3,2.4,35,2016,0.0076500000000000005,0.0076500000000000005,0.00077,0.146,0.126,0.10300000000000001,0.00061,0.00063,0.092,0.045,0.00022000000000000006,35,2020,51.1,48.9,7.4,14.5,13.7,9.7,5.4,6.1,9.7,4.8,2.2,36,2022
 Ohio,48.01111111111111,51.988888888888894,6.611111111111111,12.588888888888889,13.533333333333333,15.283333333333331,6.427777777777778,5.1722222222222225,7.072222222222223,4.705555555555555,1.9833333333333334,38,2008,48.1875,51.81250000000001,6.83125,12.3875,12.36875,14.475,7.074999999999999,6.20625,8.0375,4.625,2.125,39,2012,48.40625,51.59375000000001,6.6812499999999995,12.88125,11.875,13.325000000000001,7.28125,6.606249999999999,9.318750000000001,4.775,2.1812500000000004,39,2016,0.007711249999999999,0.00789875,0.000660625,0.12675,0.11962500000000001,0.12206249999999999,0.000690625,0.00069625,0.1068125,0.052250000000000005,0.0002125,40,2020,48.83,51.17,6.52,13.1,12.55,11.93,6.3,6.85,10.95,5.51,2.0,40,2022
 Oklahoma,48.660000000000004,51.34000000000001,7.199999999999999,13.240000000000002,12.8,14.06,6.12,5.06,7.200000000000001,4.4799999999999995,1.82,36,2008,48.98,51.019999999999996,7.359999999999999,13.540000000000003,12.26,13.26,6.5200000000000005,5.56,7.980000000000001,4.34,1.7400000000000002,36,2012,48.919999999999995,51.080000000000005,7.16,13.66,12.139999999999999,12.26,6.58,5.8999999999999995,8.780000000000001,4.5600000000000005,1.72,36,2016,0.007522,0.007686000000000001,0.0006839999999999999,0.13080000000000003,0.1268,0.11379999999999998,0.0006380000000000001,0.0006320000000000001,0.09819999999999998,0.05,0.00018,37,2020,49.14,50.86,7.18,13.3,13.26,11.36,5.56,6.28,9.7,5.18,1.58,37,2022
 Oregon,49.260000000000005,50.739999999999995,6.460000000000001,13.84,13.48,14.879999999999999,6.9,5.699999999999999,6.92,4.34,2.1,38,2008,49.00000000000001,51.0,6.819999999999999,13.620000000000001,12.940000000000001,13.38,7.08,6.54,8.459999999999999,4.34,2.1200000000000006,39,2012,49.04,50.96000000000001,6.5,13.96,12.98,12.559999999999999,6.5200000000000005,6.859999999999999,10.200000000000001,4.5,2.16,39,2016,0.007884,0.008028,0.00063,0.1386,0.1354,0.11979999999999999,0.000622,0.000648,0.11439999999999999,0.054,0.00019800000000000002,40,2020,49.4,50.6,6.1,14.08,14.02,12.38,5.72,6.37,11.48,5.8,1.97,40,2022
 Pennsylvania,47.8842105263158,52.11578947368422,6.615789473684211,11.636842105263156,13.589473684210526,15.51578947368421,6.531578947368422,5.410526315789474,7.426315789473685,5.515789473684211,2.4157894736842107,39,2008,48.16666666666667,51.83333333333333,6.966666666666667,12.305555555555554,12.188888888888888,14.7,7.2666666666666675,6.133333333333334,8.32777777777778,5.177777777777778,2.5055555555555555,40,2012,48.40555555555555,51.594444444444456,6.5,13.083333333333332,11.57777777777778,13.588888888888889,7.372222222222222,6.772222222222222,9.71111111111111,5.077777777777778,2.5944444444444446,40,2016,0.00787,0.008055555555555555,0.0006594444444444445,0.12827777777777777,0.11844444444444444,0.12272222222222225,0.00071,0.0007144444444444444,0.11077777777777778,0.05605555555555556,0.0002461111111111111,41,2020,48.75,51.25,6.41,12.94,12.52,11.88,6.52,7.11,11.31,5.93,2.31,41,2022
 Puerto Rico,47.0,53.0,7.000000000000001,13.8,13.600000000000001,12.8,5.7,5.5,7.7,4.3,1.7000000000000002,35,2008,46.8,53.2,7.3,12.5,13.0,13.100000000000001,5.9,6.0,9.2,4.7,2.0,37,2012,46.7,53.29999999999999,7.200000000000001,12.1,12.9,12.9,6.5,6.2,10.7,6.0,2.2,40,2016,0.00815,0.00842,0.00063,0.11299999999999999,0.124,0.136,0.00073,0.0007099999999999999,0.125,0.072,0.00026000000000000003,45,2020,46.6,53.4,6.7,12.6,12.4,12.6,6.7,6.9,11.9,8.6,3.0,44,2022
 Rhode Island,47.599999999999994,52.400000000000006,7.5,12.3,14.100000000000001,15.35,6.4,5.1000000000000005,6.8500000000000005,5.0,2.4,38,2008,47.5,52.5,8.05,12.25,12.35,15.000000000000002,7.000000000000001,6.05,7.8,4.65,2.65,39,2012,47.75,52.25,7.449999999999999,13.5,11.649999999999999,13.900000000000002,7.450000000000001,6.5,9.2,4.7,2.65,40,2016,0.007985,0.008190000000000001,0.0007199999999999999,0.13350000000000004,0.1195,0.124,0.000725,0.000715,0.106,0.052000000000000005,0.00024500000000000005,40,2020,48.1,51.9,6.95,13.8,12.6,11.85,6.75,7.35,11.0,5.7,2.15,40,2022
 South Carolina,47.81666666666667,52.18333333333334,6.883333333333335,12.6,13.783333333333333,14.249999999999998,6.45,5.716666666666667,7.333333333333332,4.416666666666667,1.5833333333333335,37,2008,47.871428571428574,52.128571428571426,7.3428571428571425,12.671428571428573,12.728571428571428,13.714285714285715,6.757142857142857,6.142857142857143,8.857142857142856,4.285714285714286,1.5857142857142859,38,2012,47.785714285714285,52.214285714285715,6.614285714285714,13.042857142857143,12.314285714285713,12.957142857142859,6.714285714285714,6.528571428571429,10.385714285714286,4.614285714285715,1.7571428571428571,39,2016,0.007722857142857142,0.007958571428571428,0.0006428571428571428,0.12371428571428572,0.11971428571428572,0.12314285714285715,0.0006828571428571429,0.0006771428571428572,0.11614285714285714,0.055857142857142855,0.00017571428571428572,40,2020,47.86,52.14,6.67,12.56,12.63,11.93,6.2,6.94,11.5,5.84,1.74,40,2022
 South Dakota,49.2,50.8,7.000000000000001,12.3,12.0,14.899999999999999,6.4,5.1,6.9,5.2,2.2,37,2008,49.8,50.2,7.000000000000001,13.3,11.3,13.3,7.000000000000001,5.9,7.400000000000001,4.7,2.4,36,2012,49.8,50.2,6.9,12.9,11.4,11.8,7.000000000000001,6.5,8.9,4.6,2.4,36,2016,0.0075,0.007600000000000001,0.00065,0.126,0.123,0.10600000000000001,0.00065,0.00066,0.10400000000000001,0.05,0.00023,37,2020,50.6,49.4,6.6,12.2,12.8,10.7,5.7,7.0,11.2,5.0,2.1,38,2022
 Tennessee,47.888888888888886,52.11111111111112,6.277777777777778,13.355555555555554,14.11111111111111,14.655555555555555,6.377777777777778,5.511111111111111,7.222222222222223,4.344444444444444,1.6111111111111114,37,2008,48.00000000000001,52.0,7.000000000000001,13.044444444444444,13.144444444444444,13.977777777777778,6.688888888888888,6.033333333333333,8.333333333333332,4.377777777777777,1.5555555555555556,38,2012,48.044444444444444,51.955555555555556,6.755555555555555,13.31111111111111,12.577777777777776,13.444444444444445,6.7,6.3,9.455555555555556,4.644444444444444,1.6555555555555557,38,2016,0.007684444444444445,0.007893333333333334,0.0006622222222222221,0.1331111111111111,0.1241111111111111,0.1255555555555556,0.0006733333333333334,0.0006477777777777778,0.10344444444444446,0.050555555555555555,0.00016777777777777776,39,2020,48.27,51.73,6.7,13.68,12.88,12.31,6.38,6.51,10.34,5.29,1.66,39,2022
 Texas,49.409375,50.590625,7.190625000000001,14.512500000000001,14.2375,13.509375000000002,5.309375,4.3625,5.50625,3.41875,1.2750000000000001,33,2008,49.169444444444444,50.830555555555556,7.388888888888889,14.386111111111111,13.63888888888889,13.208333333333332,5.8194444444444455,4.933333333333334,6.319444444444445,3.313888888888889,1.2666666666666666,33,2012,49.13611111111111,50.86388888888889,7.158333333333333,14.555555555555555,13.416666666666666,12.541666666666664,5.98888888888889,5.191666666666666,7.244444444444445,3.4888888888888885,1.3555555555555554,34,2016,0.007419166666666666,0.007581388888888888,0.0007055555555555555,0.14147222222222225,0.1346388888888889,0.1224722222222222,0.0006025000000000001,0.0005597222222222222,0.08255555555555555,0.03861111111111112,0.0001377777777777778,35,2020,49.37,50.63,7.16,14.43,14.1,12.26,5.47,5.54,8.19,3.97,1.28,35,2022
 Utah,49.96666666666667,50.03333333333333,8.8,16.2,11.933333333333334,11.466666666666665,4.666666666666667,3.6333333333333337,4.800000000000001,3.0666666666666664,1.1,28,2008,49.8,50.2,8.3,15.6,12.475,10.775000000000002,5.15,4.0,5.4,3.0,1.0750000000000002,29,2012,49.95,50.05,8.35,14.649999999999999,13.4,10.25,5.050000000000001,4.6,6.275,3.075,1.15,30,2016,0.0070375,0.007175000000000001,0.0008424999999999999,0.14375,0.13675,0.10200000000000001,0.00047500000000000005,0.00046,0.07075000000000001,0.0345,0.0001225,31,2020,50.5,49.5,8.92,14.62,13.6,11.05,4.42,4.75,7.27,3.58,1.12,32,2022
 Vermont,48.6,51.4,6.800000000000001,11.3,13.5,16.8,7.400000000000001,6.1,7.400000000000001,4.7,1.9,41,2008,48.8,51.2,7.200000000000001,11.2,11.7,15.6,8.2,7.000000000000001,8.9,4.6,2.2,42,2012,48.8,51.2,7.3,11.5,11.3,13.900000000000002,7.9,7.6,11.0,4.9,2.3,43,2016,0.00807,0.00824,0.00065,0.12,0.11799999999999998,0.123,0.0007599999999999999,0.00078,0.126,0.05900000000000001,0.00022000000000000006,43,2020,49.2,50.8,6.8,12.0,12.4,11.7,6.4,8.2,12.9,6.6,2.1,43,2022
 Virginia,48.52727272727273,51.47272727272727,7.227272727272728,13.081818181818184,14.872727272727271,14.99090909090909,6.081818181818182,5.218181818181818,6.672727272727273,3.963636363636364,1.5272727272727273,37,2008,48.5,51.5,7.154545454545455,13.872727272727273,13.445454545454547,14.618181818181819,6.5,5.781818181818181,7.563636363636363,3.854545454545455,1.6,37,2012,48.60909090909091,51.3909090909091,6.881818181818182,13.69090909090909,12.954545454545455,13.818181818181818,6.809090909090909,6.072727272727273,8.799999999999999,4.199999999999999,1.6727272727272726,38,2016,0.007726363636363637,0.00792090909090909,0.0006890909090909091,0.13490909090909092,0.12845454545454546,0.12581818181818183,0.0006863636363636364,0.000639090909090909,0.09718181818181817,0.048090909090909094,0.00017636363636363637,38,2020,48.93,51.07,6.94,13.35,13.58,12.29,6.43,6.38,9.88,5.24,1.74,39,2022
 Washington,49.522222222222226,50.477777777777774,6.688888888888888,13.91111111111111,14.144444444444446,15.177777777777779,6.6000000000000005,5.2555555555555555,6.4,3.9777777777777774,1.588888888888889,37,2008,49.480000000000004,50.519999999999996,7.039999999999999,14.06,13.26,14.020000000000001,6.7299999999999995,6.13,7.6,3.83,1.72,37,2012,49.58,50.42,6.61,14.7,12.91,13.040000000000001,6.7,6.32,9.01,4.040000000000001,1.79,37,2016,0.00776,0.007876000000000001,0.0006399999999999999,0.1467,0.137,0.1204,0.000633,0.000622,0.09970000000000001,0.0462,0.00016900000000000002,38,2020,50.18,49.82,6.41,15.11,14.34,12.02,5.81,6.17,10.1,5.01,1.7,38,2022
 West Virginia,48.266666666666666,51.733333333333334,6.3,12.333333333333334,13.3,15.166666666666664,7.033333333333334,6.2,8.333333333333332,5.533333333333332,1.866666666666667,40,2008,48.699999999999996,51.300000000000004,6.8999999999999995,11.733333333333333,12.433333333333334,14.200000000000001,7.400000000000001,7.3,9.499999999999998,5.233333333333333,2.033333333333333,41,2012,48.83333333333333,51.16666666666667,6.266666666666667,11.799999999999999,12.2,13.266666666666667,7.433333333333334,7.1000000000000005,11.133333333333335,5.366666666666667,2.3000000000000003,42,2016,0.007919999999999998,0.008060000000000001,0.0006066666666666667,0.11533333333333333,0.12066666666666667,0.12766666666666665,0.0007033333333333334,0.0007333333333333333,0.12433333333333332,0.060000000000000005,0.0002133333333333334,42,2020,49.4,50.6,6.45,11.65,12.2,12.5,6.4,7.1,12.65,6.45,2.05,42,2022
 Wisconsin,49.224999999999994,50.775000000000006,7.000000000000001,12.687500000000002,13.724999999999998,15.55,6.525,4.9625,6.7125,4.6,1.9625,38,2008,49.1375,50.8625,6.775,12.812499999999998,12.2,14.85,7.025,6.0125,7.675,4.6,2.1375,38,2012,49.3,50.7,6.987499999999999,12.625,11.862499999999999,13.525,7.449999999999999,6.575,9.175,4.6875,2.2125,39,2016,0.0077575000000000005,0.00788875,0.00064375,0.12575,0.12275000000000001,0.12012500000000001,0.0007199999999999999,0.0007025,0.10675000000000001,0.051625,0.00021500000000000002,40,2020,49.69,50.31,6.9,12.46,12.61,11.75,6.66,7.19,11.16,5.5,2.04,40,2022
 Wyoming,50.1,49.9,7.000000000000001,13.600000000000001,12.0,15.5,7.000000000000001,5.1,6.6000000000000005,4.0,1.8000000000000003,36,2008,50.6,49.4,7.200000000000001,13.900000000000002,12.0,13.5,7.400000000000001,6.3,7.6,3.9,1.6,36,2012,50.9,49.1,6.5,13.8,12.3,11.8,6.7,7.1,9.2,4.1,1.7000000000000002,37,2016,0.00761,0.00769,0.00061,0.127,0.129,0.11,0.00064,0.0007099999999999999,0.11,0.05,0.00017,38,2020,51.0,49.0,6.3,12.5,14.0,11.1,6.0,6.6,11.8,5.4,1.4,39,2022
